"Institution Name (RSSD ID)","Location","Total Assets 0","Date 0","Total Assets 1","Date 1","Total Assets 2","Date 2","Total Assets 3","Date 3","Total Assets 4","Date 4","Total Assets 5","Date 5","Total Assets 6","Date 6","Total Assets 7","Date 7","Total Assets 8","Date 8","Total Assets 9","Date 9","Total Assets 10","Date 10","Total Assets 11","Date 11","Total Assets 12","Date 12","Total Assets 13","Date 13","Total Assets 14","Date 14"
"ALLY FINANCIAL INC. (1562859)","DETROIT, MI","$157,931,000",2016-06-30,"$156,505,000",2016-03-31,"$158,581,000",2015-12-31,"$156,105,000",2015-09-30,"$156,472,000",2015-06-30,"$153,524,000",2015-03-31,"$151,828,000",2014-12-31,"$149,195,000",2014-09-30,"$149,937,000",2014-06-30,"$148,452,000",2014-03-31,"$151,167,000",2013-12-31,"$150,556,000",2013-09-30,"$150,627,000",2013-06-30,"$166,199,000",2013-03-31,"$182,347,000",2012-12-31
"AMERICAN EXPRESS COMPANY (1275216)","NEW YORK, NY","$159,632,000",2016-06-30,"$158,804,000",2016-03-31,"$161,172,000",2015-12-31,"$154,205,000",2015-09-30,"$157,141,000",2015-06-30,"$154,674,000",2015-03-31,"$159,103,000",2014-12-31,"$153,862,000",2014-09-30,"$152,384,000",2014-06-30,"$151,497,000",2014-03-31,"$153,387,000",2013-12-31,"$150,152,000",2013-09-30,"$151,980,000",2013-06-30,"$156,903,000",2013-03-31,"$153,418,000",2012-12-31
"AMERICAN INTERNATIONAL GROUP, INC. (1562176)","NEW YORK, NY",NA,NA,NA,NA,NA,NA,NA,NA,NA,NA,NA,NA,NA,NA,NA,NA,NA,NA,"$547,111,000",2014-03-31,"$541,329,000",2013-12-31,"$540,744,000",2013-09-30,"$537,438,000",2013-06-30,NA,NA,NA,NA
"AMERITAS MUTUAL HOLDING COMPANY (3910641)","LINCOLN, NE",NA,NA,NA,NA,NA,NA,NA,NA,NA,NA,NA,NA,NA,NA,NA,NA,NA,NA,NA,NA,NA,NA,"$18,787,220",2013-09-30,"$18,554,575",2013-06-30,"$18,833,506",2013-03-31,"$18,502,196",2012-12-31
"APPLE FINANCIAL HOLDINGS, INC. (3446412)","NEW YORK, NY","$12,884,030",2016-06-30,"$12,859,663",2016-03-31,"$12,795,071",2015-12-31,"$12,371,566",2015-09-30,"$11,775,081",2015-06-30,"$11,882,771",2015-03-31,"$11,659,386",2014-12-31,"$11,688,202",2014-09-30,"$11,581,188",2014-06-30,"$11,575,745",2014-03-31,"$11,647,170",2013-12-31,"$11,888,008",2013-09-30,"$11,991,050",2013-06-30,NA,NA,NA,NA
"ARVEST BANK GROUP, INC. (1095674)","BENTONVILLE, AR","$16,634,738",2016-06-30,"$16,434,884",2016-03-31,"$15,864,120",2015-12-31,"$15,602,572",2015-09-30,"$15,429,891",2015-06-30,"$15,844,167",2015-03-31,"$14,970,127",2014-12-31,"$14,969,471",2014-09-30,"$14,730,285",2014-06-30,"$14,556,251",2014-03-31,"$14,113,477",2013-12-31,"$13,986,055",2013-09-30,"$14,160,917",2013-06-30,"$14,294,687",2013-03-31,"$13,233,050",2012-12-31
"ASSOCIATED BANC-CORP (1199563)","GREEN BAY, WI","$29,038,699",2016-06-30,"$28,178,867",2016-03-31,"$27,715,021",2015-12-31,"$27,467,243",2015-09-30,"$27,185,145",2015-06-30,"$27,088,806",2015-03-31,"$26,821,774",2014-12-31,"$25,653,822",2014-09-30,"$25,727,786",2014-06-30,"$24,806,197",2014-03-31,"$24,226,920",2013-12-31,"$23,688,675",2013-09-30,"$23,616,944",2013-06-30,"$23,277,768",2013-03-31,"$23,487,735",2012-12-31
"ASTORIA FINANCIAL CORPORATION (2504128)","LAKE SUCCESS, NY","$15,017,071",2016-06-30,"$15,023,537",2016-03-31,"$15,076,211",2015-12-31,"$15,099,204",2015-09-30,"$15,295,356",2015-06-30,"$15,535,572",2015-03-31,"$15,640,021",2014-12-31,"$15,460,281",2014-09-30,"$15,742,065",2014-06-30,"$15,699,906",2014-03-31,"$15,793,722",2013-12-31,"$16,022,089",2013-09-30,"$16,101,065",2013-06-30,"$16,210,524",2013-03-31,"$16,496,642",2012-12-31
"BANC OF CALIFORNIA, INC. (3153130)","IRVINE, CA","$10,157,662",2016-06-30,NA,NA,NA,NA,NA,NA,NA,NA,NA,NA,NA,NA,NA,NA,NA,NA,NA,NA,NA,NA,NA,NA,NA,NA,NA,NA,NA,NA
"BANCORPSOUTH, INC. (1097614)","TUPELO, MS","$14,130,157",2016-06-30,"$13,925,516",2016-03-31,"$13,802,637",2015-12-31,"$13,786,921",2015-09-30,"$13,636,675",2015-06-30,"$13,635,049",2015-03-31,"$13,326,530",2014-12-31,"$13,074,902",2014-09-30,"$12,989,487",2014-06-30,"$13,148,062",2014-03-31,"$13,045,442",2013-12-31,"$12,930,641",2013-09-30,"$13,220,451",2013-06-30,"$13,395,806",2013-03-31,"$13,401,898",2012-12-31
"BANCWEST CORPORATION (1025608)","HONOLULU, HI",NA,NA,"$96,194,245",2016-03-31,"$95,099,966",2015-12-31,"$92,869,993",2015-09-30,"$91,200,312",2015-06-30,"$89,669,872",2015-03-31,"$89,766,710",2014-12-31,"$86,894,858",2014-09-30,"$86,617,152",2014-06-30,"$84,945,155",2014-03-31,"$83,527,474",2013-12-31,"$81,729,444",2013-09-30,"$80,069,917",2013-06-30,"$78,851,727",2013-03-31,"$79,869,488",2012-12-31
"BANCWEST HOLDING INC. (4989420)","SAN FRANCISCO, CA","$80,624,408",2016-06-30,NA,NA,NA,NA,NA,NA,NA,NA,NA,NA,NA,NA,NA,NA,NA,NA,NA,NA,NA,NA,NA,NA,NA,NA,NA,NA,NA,NA
"BANK OF AMERICA CORPORATION (1073757)","CHARLOTTE, NC","$2,189,811,000",2016-06-30,"$2,188,633,000",2016-03-31,"$2,147,391,000",2015-12-31,"$2,154,342,000",2015-09-30,"$2,152,082,000",2015-06-30,"$2,145,027,000",2015-03-31,"$2,106,796,000",2014-12-31,"$2,126,138,000",2014-09-30,"$2,172,001,000",2014-06-30,"$2,152,533,000",2014-03-31,"$2,104,995,000",2013-12-31,"$2,128,706,000",2013-09-30,"$2,125,686,000",2013-06-30,"$2,176,625,000",2013-03-31,"$2,212,004,452",2012-12-31
"BANK OF HAWAII CORPORATION (1025309)","HONOLULU, HI","$15,916,031",2016-06-30,"$15,705,449",2016-03-31,"$15,501,362",2015-12-31,"$15,228,349",2015-09-30,"$15,336,181",2015-06-30,"$15,206,800",2015-03-31,"$14,859,360",2014-12-31,"$14,577,913",2014-09-30,"$14,884,625",2014-06-30,"$14,333,411",2014-03-31,"$14,127,598",2013-12-31,"$13,916,694",2013-09-30,"$13,787,068",2013-06-30,"$13,563,474",2013-03-31,"$13,789,923",2012-12-31
"BANK OF NEW YORK MELLON CORPORATION, THE (3587146)","NEW YORK, NY","$372,351,000",2016-06-30,"$372,870,000",2016-03-31,"$393,780,000",2015-12-31,"$377,371,000",2015-09-30,"$395,254,000",2015-06-30,"$392,337,000",2015-03-31,"$385,303,000",2014-12-31,"$386,296,000",2014-09-30,"$400,740,000",2014-06-30,"$368,241,000",2014-03-31,"$374,310,000",2013-12-31,"$371,957,000",2013-09-30,"$360,514,000",2013-06-30,"$355,984,000",2013-03-31,"$359,301,000",2012-12-31
"BANK OF THE OZARKS INC (1097089)","LITTLE ROCK, AR","$12,279,579",2016-06-30,"$11,427,419",2016-03-31,NA,NA,NA,NA,NA,NA,NA,NA,NA,NA,NA,NA,NA,NA,NA,NA,NA,NA,NA,NA,NA,NA,NA,NA,NA,NA
"BANKUNITED, INC. (4028712)","MIAMI LAKES, FL","$26,309,192",2016-06-30,"$24,819,488",2016-03-31,"$23,883,467",2015-12-31,"$22,537,671",2015-09-30,"$21,401,793",2015-06-30,"$19,983,395",2015-03-31,"$19,210,520",2014-12-31,"$17,680,739",2014-09-30,"$17,008,323",2014-06-30,"$15,751,652",2014-03-31,"$15,046,649",2013-12-31,"$14,308,014",2013-09-30,"$13,233,425",2013-06-30,"$12,745,930",2013-03-31,"$12,375,953",2012-12-31
"BARCLAYS DELAWARE HOLDINGS LLC (2938451)","WILMINGTON, DE","$29,672,671",2016-06-30,"$29,374,606",2016-03-31,"$27,998,160",2015-12-31,"$26,620,161",2015-09-30,"$26,353,405",2015-06-30,"$25,221,666",2015-03-31,"$25,013,660",2014-12-31,"$24,158,229",2014-09-30,"$22,123,208",2014-06-30,"$20,089,504",2014-03-31,"$19,056,120",2013-12-31,"$21,025,405",2013-09-30,"$20,307,832",2013-06-30,"$19,610,828",2013-03-31,"$18,981,340",2012-12-31
"BB&T CORPORATION (1074156)","WINSTON SALEM, NC","$221,858,615",2016-06-30,"$212,405,266",2016-03-31,"$209,947,022",2015-12-31,"$208,808,671",2015-09-30,"$191,017,482",2015-06-30,"$189,227,838",2015-03-31,"$186,813,987",2014-12-31,"$187,021,509",2014-09-30,"$188,012,330",2014-06-30,"$184,651,158",2014-03-31,"$183,009,992",2013-12-31,"$181,050,008",2013-09-30,"$182,735,153",2013-06-30,"$180,836,757",2013-03-31,"$183,872,371",2012-12-31
"BBVA COMPASS BANCSHARES, INC. (1078529)","HOUSTON, TX","$91,753,156",2016-06-30,"$92,152,260",2016-03-31,"$89,967,342",2015-12-31,"$89,360,000",2015-09-30,"$88,470,749",2015-06-30,"$85,485,851",2015-03-31,"$83,152,427",2014-12-31,"$79,187,065",2014-09-30,"$75,747,100",2014-06-30,"$74,957,227",2014-03-31,"$71,965,476",2013-12-31,"$70,087,078",2013-09-30,"$69,674,976",2013-06-30,NA,NA,NA,NA
"BBVA USA BANCSHARES, INC. (1078529)","HOUSTON, TX",NA,NA,NA,NA,NA,NA,NA,NA,NA,NA,NA,NA,NA,NA,NA,NA,NA,NA,NA,NA,NA,NA,NA,NA,NA,NA,"$69,639,420",2013-03-31,"$69,105,796",2012-12-31
"BMO FINANCIAL CORP. (1245415)","WILMINGTON, DE","$132,007,952",2016-06-30,"$125,793,219",2016-03-31,"$125,656,772",2015-12-31,"$125,419,384",2015-09-30,"$118,131,486",2015-06-30,"$118,263,888",2015-03-31,"$115,879,565",2014-12-31,"$119,791,374",2014-09-30,"$116,160,559",2014-06-30,"$114,499,474",2014-03-31,"$111,073,727",2013-12-31,"$113,051,766",2013-09-30,"$112,349,784",2013-06-30,"$122,361,785",2013-03-31,"$116,109,476",2012-12-31
"BOK FINANCIAL CORPORATION (1883693)","TULSA, OK","$32,050,291",2016-06-30,"$31,450,894",2016-03-31,"$31,495,590",2015-12-31,"$30,601,382",2015-09-30,"$30,846,158",2015-06-30,"$30,371,794",2015-03-31,"$29,148,050",2014-12-31,"$29,103,689",2014-09-30,"$27,853,768",2014-06-30,"$27,365,683",2014-03-31,"$27,021,529",2013-12-31,"$27,174,025",2013-09-30,"$27,806,179",2013-06-30,"$27,442,638",2013-03-31,"$28,146,503",2012-12-31
"BREMER FINANCIAL CORPORATION (1020180)","SAINT PAUL, MN","$11,340,612",2016-06-30,"$10,929,047",2016-03-31,"$10,723,184",2015-12-31,"$10,325,850",2015-09-30,"$10,063,759",2015-06-30,NA,NA,NA,NA,NA,NA,NA,NA,NA,NA,NA,NA,NA,NA,NA,NA,NA,NA,NA,NA
"CAPITAL ONE FINANCIAL CORPORATION (2277860)","MCLEAN, VA","$339,247,718",2016-06-30,"$330,489,235",2016-03-31,"$334,179,916",2015-12-31,"$313,827,584",2015-09-30,"$310,636,497",2015-06-30,"$306,501,324",2015-03-31,"$309,083,481",2014-12-31,"$300,444,020",2014-09-30,"$298,653,928",2014-06-30,"$290,886,180",2014-03-31,"$297,282,098",2013-12-31,"$290,217,687",2013-09-30,"$296,670,314",2013-06-30,"$300,293,699",2013-03-31,"$313,040,688",2012-12-31
"CAPITOL FEDERAL FINANCIAL, INC. (4226910)","TOPEKA, KS",NA,NA,NA,NA,NA,NA,NA,NA,NA,NA,"$10,040,460",2015-03-31,NA,NA,NA,NA,NA,NA,NA,NA,NA,NA,NA,NA,NA,NA,NA,NA,NA,NA
"CATHAY GENERAL BANCORP (1843080)","LOS ANGELES, CA","$13,493,177",2016-06-30,"$13,262,019",2016-03-31,"$13,254,126",2015-12-31,"$12,749,966",2015-09-30,"$11,918,316",2015-06-30,"$11,910,089",2015-03-31,"$11,516,846",2014-12-31,"$11,599,466",2014-09-30,"$11,556,822",2014-06-30,"$11,291,188",2014-03-31,"$10,989,286",2013-12-31,"$10,821,446",2013-09-30,"$10,603,235",2013-06-30,"$10,520,715",2013-03-31,"$10,694,089",2012-12-31
"CENTRAL BANCOMPANY, INC (1094314)","JEFFERSON CITY, MO","$12,292,830",2016-06-30,"$12,106,043",2016-03-31,"$12,041,047",2015-12-31,"$11,770,295",2015-09-30,"$11,674,358",2015-06-30,"$11,621,045",2015-03-31,NA,NA,"$10,967,840",2014-09-30,"$10,848,073",2014-06-30,"$10,793,363",2014-03-31,NA,NA,"$10,443,416",2013-09-30,"$10,481,397",2013-06-30,"$10,577,894",2013-03-31,NA,NA
"CHARLES SCHWAB CORPORATION, THE (1026632)","SAN FRANCISCO, CA","$198,052,000",2016-06-30,"$190,998,000",2016-03-31,"$183,718,000",2015-12-31,"$170,402,000",2015-09-30,"$163,627,000",2015-06-30,"$160,169,000",2015-03-31,"$154,642,000",2014-12-31,"$147,445,000",2014-09-30,"$143,401,000",2014-06-30,"$144,066,000",2014-03-31,"$143,642,000",2013-12-31,"$140,211,000",2013-09-30,"$135,907,000",2013-06-30,"$133,324,000",2013-03-31,"$133,637,000",2012-12-31
"CIT GROUP INC. (1036967)","LIVINGSTON, NJ","$66,783,624",2016-06-30,"$67,188,228",2016-03-31,"$67,498,790",2015-12-31,"$68,125,502",2015-09-30,"$46,657,160",2015-06-30,"$46,416,005",2015-03-31,"$47,879,974",2014-12-31,"$46,480,980",2014-09-30,"$44,152,666",2014-06-30,"$48,578,081",2014-03-31,"$47,138,960",2013-12-31,"$46,223,981",2013-09-30,"$44,631,022",2013-06-30,"$44,563,888",2013-03-31,"$44,012,251",2012-12-31
"CITIGROUP INC. (1951350)","NEW YORK, NY","$1,818,771,000",2016-06-30,"$1,800,967,000",2016-03-31,"$1,731,210,000",2015-12-31,"$1,808,356,000",2015-09-30,"$1,829,370,000",2015-06-30,"$1,831,801,000",2015-03-31,"$1,842,181,000",2014-12-31,"$1,882,505,000",2014-09-30,"$1,909,369,000",2014-06-30,"$1,894,390,000",2014-03-31,"$1,880,035,000",2013-12-31,"$1,899,511,000",2013-09-30,"$1,883,988,000",2013-06-30,"$1,881,734,000",2013-03-31,"$1,864,660,000",2012-12-31
"CITIZENS FINANCIAL GROUP, INC. (1132449)","PROVIDENCE, RI","$145,568,297",2016-06-30,"$140,409,385",2016-03-31,"$138,574,068",2015-12-31,"$135,811,131",2015-09-30,"$137,564,322",2015-06-30,"$136,905,651",2015-03-31,"$133,000,128",2014-12-31,"$131,520,691",2014-09-30,"$130,579,630",2014-06-30,NA,NA,NA,NA,NA,NA,NA,NA,NA,NA,NA,NA
"CITY NATIONAL CORPORATION (1027518)","LOS ANGELES, CA",NA,NA,NA,NA,NA,NA,"$35,575,724",2015-09-30,"$33,760,498",2015-06-30,"$32,698,899",2015-03-31,"$32,610,363",2014-12-31,"$32,015,600",2014-09-30,"$30,819,092",2014-06-30,"$29,851,542",2014-03-31,"$29,717,951",2013-12-31,"$29,059,404",2013-09-30,"$27,379,501",2013-06-30,"$27,433,754",2013-03-31,"$28,618,492",2012-12-31
"COMERICA INCORPORATED (1199844)","DALLAS, TX","$71,440,155",2016-06-30,"$69,131,436",2016-03-31,"$71,983,051",2015-12-31,"$71,212,885",2015-09-30,"$70,053,205",2015-06-30,"$69,420,233",2015-03-31,"$69,452,409",2014-12-31,"$68,949,210",2014-09-30,"$65,386,081",2014-06-30,"$65,832,917",2014-03-31,"$65,356,580",2013-12-31,"$64,723,310",2013-09-30,"$63,013,097",2013-06-30,"$64,975,279",2013-03-31,"$65,398,175",2012-12-31
"COMMERCE BANCSHARES, INC. (1049341)","KANSAS CITY, MO","$24,726,507",2016-06-30,"$24,519,161",2016-03-31,"$24,625,092",2015-12-31,"$23,989,012",2015-09-30,"$23,721,613",2015-06-30,"$24,060,276",2015-03-31,"$24,015,123",2014-12-31,"$22,710,961",2014-09-30,"$23,016,162",2014-06-30,"$22,820,527",2014-03-31,"$23,081,892",2013-12-31,"$22,462,282",2013-09-30,"$21,921,322",2013-06-30,"$22,240,695",2013-03-31,"$22,176,815",2012-12-31
"COUNTRY LIFE INSURANCE COMPANY (3825204)","BLOOMINGTON, IL","$10,264,654",2016-06-30,"$10,182,556",2016-03-31,"$10,092,985",2015-12-31,"$10,848,819",2015-09-30,"$10,887,809",2015-06-30,"$10,826,914",2015-03-31,"$10,697,206",2014-12-31,"$10,573,699",2014-09-30,"$10,519,027",2014-06-30,"$10,406,821",2014-03-31,"$10,262,625",2013-12-31,"$10,047,710",2013-09-30,NA,NA,NA,NA,NA,NA
"CULLEN/FROST BANKERS, INC. (1102367)","SAN ANTONIO, TX","$29,014,585",2016-06-30,"$28,477,488",2016-03-31,"$28,603,199",2015-12-31,"$28,403,675",2015-09-30,"$27,802,644",2015-06-30,"$28,196,667",2015-03-31,"$28,347,544",2014-12-31,"$27,411,142",2014-09-30,"$26,584,688",2014-06-30,"$24,715,220",2014-03-31,"$24,388,272",2013-12-31,"$23,566,006",2013-09-30,"$22,596,340",2013-06-30,"$22,560,339",2013-03-31,"$23,205,702",2012-12-31
"DEUTSCHE BANK TRUST CORPORATION (1032473)","NEW YORK, NY","$54,629,000",2016-06-30,"$53,106,000",2016-03-31,"$53,554,000",2015-12-31,"$57,375,000",2015-09-30,"$58,202,000",2015-06-30,"$55,615,500",2015-03-31,"$55,541,200",2014-12-31,"$60,715,000",2014-09-30,"$69,406,000",2014-06-30,"$72,603,000",2014-03-31,"$66,926,000",2013-12-31,"$66,067,000",2013-09-30,"$71,992,000",2013-06-30,"$75,523,000",2013-03-31,"$74,148,000",2012-12-31
"DISCOVER FINANCIAL SERVICES (3846375)","RIVERWOODS, IL","$87,511,328",2016-06-30,"$88,093,339",2016-03-31,"$86,936,159",2015-12-31,"$85,611,791",2015-09-30,"$84,911,199",2015-06-30,"$84,177,508",2015-03-31,"$83,125,845",2014-12-31,"$80,596,481",2014-09-30,"$78,936,814",2014-06-30,"$79,583,709",2014-03-31,"$79,339,664",2013-12-31,"$75,544,201",2013-09-30,"$74,944,466",2013-06-30,"$76,139,250",2013-03-31,"$73,491,315",2012-12-31
"E*TRADE FINANCIAL CORPORATION (3412583)","NEW YORK, NY","$49,202,038",2016-06-30,"$47,943,401",2016-03-31,"$45,426,559",2015-12-31,"$41,206,541",2015-09-30,"$47,117,894",2015-06-30,"$46,828,405",2015-03-31,"$45,529,729",2014-12-31,"$45,818,844",2014-09-30,"$45,748,395",2014-06-30,"$46,438,440",2014-03-31,"$46,279,856",2013-12-31,"$45,547,479",2013-09-30,"$45,006,525",2013-06-30,"$44,966,314",2013-03-31,"$47,386,739",2012-12-31
"EAST WEST BANCORP, INC. (2734233)","PASADENA, CA","$32,952,138",2016-06-30,"$33,109,185",2016-03-31,"$32,351,172",2015-12-31,"$31,119,855",2015-09-30,"$30,064,322",2015-06-30,"$29,907,424",2015-03-31,"$28,738,323",2014-12-31,"$28,481,156",2014-09-30,"$27,556,917",2014-06-30,"$27,401,438",2014-03-31,"$24,730,609",2013-12-31,"$24,493,454",2013-09-30,"$23,314,135",2013-06-30,"$23,102,005",2013-03-31,"$22,536,282",2012-12-31
"EASTERN BANK CORPORATION (1427239)","BOSTON, MA","$10,025,463",2016-06-30,NA,NA,NA,NA,NA,NA,NA,NA,NA,NA,NA,NA,NA,NA,NA,NA,NA,NA,NA,NA,NA,NA,NA,NA,NA,NA,NA,NA
"EVERBANK FINANCIAL CORP (3838857)","JACKSONVILLE, FL","$27,354,310",2016-06-30,"$26,641,399",2016-03-31,"$26,601,026",2015-12-31,"$25,214,743",2015-09-30,"$24,120,491",2015-06-30,"$23,347,219",2015-03-31,"$21,617,788",2014-12-31,"$20,510,343",2014-09-30,"$19,753,820",2014-06-30,"$17,630,948",2014-03-31,"$17,640,984",2013-12-31,"$17,612,089",2013-09-30,"$18,362,872",2013-06-30,"$18,306,488",2013-03-31,"$18,242,878",2012-12-31
"F.N.B. CORPORATION (3005332)","HERMITAGE, PA",NA,NA,NA,NA,NA,NA,NA,NA,NA,NA,NA,NA,NA,NA,NA,NA,"$15,019,247",2014-06-30,"$14,476,510",2014-03-31,"$13,563,405",2013-12-31,"$12,790,279",2013-09-30,"$12,573,391",2013-06-30,"$11,997,990",2013-03-31,"$12,023,976",2012-12-31
"F.N.B. CORPORATION (3005332)","PITTSBURGH, PA","$21,214,967",2016-06-30,"$20,324,524",2016-03-31,"$17,557,662",2015-12-31,"$16,836,073",2015-09-30,"$16,598,601",2015-06-30,"$16,278,848",2015-03-31,"$16,127,090",2014-12-31,"$15,757,045",2014-09-30,NA,NA,NA,NA,NA,NA,NA,NA,NA,NA,NA,NA,NA,NA
"FIFTH THIRD BANCORP (1070345)","CINCINNATI, OH","$143,625,325",2016-06-30,"$142,430,207",2016-03-31,"$141,082,059",2015-12-31,"$141,917,763",2015-09-30,"$141,658,130",2015-06-30,"$140,469,916",2015-03-31,"$138,705,640",2014-12-31,"$134,187,722",2014-09-30,"$132,562,382",2014-06-30,"$129,654,487",2014-03-31,"$129,685,180",2013-12-31,"$124,939,419",2013-09-30,"$122,642,935",2013-06-30,"$120,789,641",2013-03-31,"$121,500,604",2012-12-31
"FIRST BANCORP (2744894)","SAN JUAN, PR","$12,508,702",2016-06-30,"$12,714,370",2016-03-31,"$12,573,019",2015-12-31,"$12,820,989",2015-09-30,"$12,578,813",2015-06-30,"$13,147,919",2015-03-31,"$12,727,835",2014-12-31,"$12,643,280",2014-09-30,"$12,523,251",2014-06-30,"$12,819,428",2014-03-31,"$12,656,925",2013-12-31,"$12,787,450",2013-09-30,"$12,803,169",2013-06-30,"$13,005,877",2013-03-31,"$13,099,741",2012-12-31
"FIRST CITIZENS BANCSHARES, INC. (1075612)","RALEIGH, NC","$32,230,403",2016-06-30,"$32,195,657",2016-03-31,"$31,475,934",2015-12-31,"$31,449,824",2015-09-30,"$30,896,855",2015-06-30,"$30,853,649",2015-03-31,"$30,075,113",2014-12-31,"$21,942,491",2014-09-30,"$22,062,840",2014-06-30,"$22,154,997",2014-03-31,"$21,199,091",2013-12-31,"$21,511,352",2013-09-30,"$21,308,822",2013-06-30,"$21,351,012",2013-03-31,"$21,283,651",2012-12-31
"FIRST HAWAIIAN, INC. (1025608)","HONOLULU, HI","$19,052,593",2016-06-30,NA,NA,NA,NA,NA,NA,NA,NA,NA,NA,NA,NA,NA,NA,NA,NA,NA,NA,NA,NA,NA,NA,NA,NA,NA,NA,NA,NA
"FIRST HORIZON NATIONAL CORPORATION (1094640)","MEMPHIS, TN","$27,541,899",2016-06-30,"$26,965,746",2016-03-31,"$26,196,388",2015-12-31,"$25,388,586",2015-09-30,"$25,241,144",2015-06-30,"$25,716,964",2015-03-31,"$25,674,034",2014-12-31,"$23,987,518",2014-09-30,"$24,223,920",2014-06-30,"$23,942,809",2014-03-31,"$23,791,187",2013-12-31,"$24,194,150",2013-09-30,"$25,134,331",2013-06-30,"$25,167,457",2013-03-31,"$25,521,022",2012-12-31
"FIRST MIDWEST BANCORP, INC. (1208184)","ITASCA, IL","$10,995,810",2016-06-30,"$10,728,922",2016-03-31,NA,NA,NA,NA,NA,NA,NA,NA,NA,NA,NA,NA,NA,NA,NA,NA,NA,NA,NA,NA,NA,NA,NA,NA,NA,NA
"FIRST NATIONAL OF NEBRASKA, INC. (1020902)","OMAHA, NE","$18,783,090",2016-06-30,"$18,509,333",2016-03-31,"$18,346,653",2015-12-31,"$17,721,789",2015-09-30,"$17,624,149",2015-06-30,"$17,163,986",2015-03-31,"$17,465,465",2014-12-31,"$17,082,710",2014-09-30,"$16,754,901",2014-06-30,"$16,573,510",2014-03-31,"$16,271,487",2013-12-31,"$15,977,890",2013-09-30,"$15,466,494",2013-06-30,"$15,890,934",2013-03-31,"$16,409,360",2012-12-31
"FIRST NIAGARA FINANCIAL GROUP, INC. (2648693)","BUFFALO, NY","$39,998,293",2016-06-30,"$40,078,307",2016-03-31,"$39,925,857",2015-12-31,"$39,418,193",2015-09-30,"$39,069,002",2015-06-30,"$38,912,925",2015-03-31,"$38,557,544",2014-12-31,"$37,977,082",2014-09-30,"$38,632,971",2014-06-30,"$37,996,061",2014-03-31,"$37,643,867",2013-12-31,"$37,380,836",2013-09-30,"$37,171,775",2013-06-30,"$36,887,625",2013-03-31,"$36,912,808",2012-12-31
"FIRSTBANK HOLDING COMPANY (1060627)","LAKEWOOD, CO","$16,235,257",2016-06-30,"$16,074,822",2016-03-31,"$15,553,681",2015-12-31,"$15,097,919",2015-09-30,"$15,172,163",2015-06-30,"$15,092,422",2015-03-31,"$14,542,268",2014-12-31,"$14,052,107",2014-09-30,"$13,941,733",2014-06-30,"$14,009,813",2014-03-31,"$13,384,848",2013-12-31,"$13,169,177",2013-09-30,"$13,022,264",2013-06-30,"$13,078,898",2013-03-31,"$12,874,974",2012-12-31
"FIRSTMERIT CORPORATION (1070804)","AKRON, OH","$26,153,691",2016-06-30,"$26,083,503",2016-03-31,"$25,537,212",2015-12-31,"$25,255,384",2015-09-30,"$25,301,876",2015-06-30,"$25,125,546",2015-03-31,"$24,909,640",2014-12-31,"$24,610,114",2014-09-30,"$24,566,414",2014-06-30,"$24,500,602",2014-03-31,"$23,912,451",2013-12-31,"$24,140,030",2013-09-30,"$23,534,261",2013-06-30,"$15,273,159",2013-03-31,"$14,916,022",2012-12-31
"FLAGSTAR BANCORP, INC. (3852022)","TROY, MI","$13,723,711",2016-06-30,"$13,736,630",2016-03-31,"$13,714,830",2015-12-31,"$12,519,193",2015-09-30,"$12,139,403",2015-06-30,"$11,571,146",2015-03-31,NA,NA,NA,NA,NA,NA,NA,NA,NA,NA,"$11,807,815",2013-09-30,"$12,735,017",2013-06-30,"$13,094,150",2013-03-31,"$14,082,012",2012-12-31
"FRANKLIN RESOURCES, INC. (1246216)","SAN MATEO, CA",NA,NA,NA,NA,NA,NA,NA,NA,NA,NA,NA,NA,NA,NA,NA,NA,"$16,563,673",2014-06-30,"$16,023,672",2014-03-31,"$15,793,167",2013-12-31,"$15,280,194",2013-09-30,"$15,214,337",2013-06-30,"$14,710,099",2013-03-31,"$14,261,070",2012-12-31
"FULTON FINANCIAL CORPORATION (1117129)","LANCASTER, PA","$18,433,910",2016-06-30,"$18,081,922",2016-03-31,"$17,867,010",2015-12-31,"$17,795,149",2015-09-30,"$17,322,400",2015-06-30,"$17,315,750",2015-03-31,"$17,083,180",2014-12-31,"$17,209,511",2014-09-30,"$17,010,044",2014-06-30,"$16,884,185",2014-03-31,"$16,908,633",2013-12-31,"$17,023,087",2013-09-30,"$17,001,720",2013-06-30,"$16,659,671",2013-03-31,"$16,509,261",2012-12-31
"GE CAPITAL GLOBAL HOLDINGS, LLC (4932239)","NORWALK, CT",NA,NA,"$287,622,464",2016-03-31,"$318,826,145",2015-12-31,NA,NA,NA,NA,NA,NA,NA,NA,NA,NA,NA,NA,NA,NA,NA,NA,NA,NA,NA,NA,NA,NA,NA,NA
"GENERAL ELECTRIC CAPITAL CORPORATION (1631915)","NORWALK, CT",NA,NA,NA,NA,NA,NA,"$436,641,069",2015-09-30,"$466,871,489",2015-06-30,"$481,614,979",2015-03-31,"$508,255,287",2014-12-31,"$514,312,251",2014-09-30,"$516,270,747",2014-06-30,"$516,913,616",2014-03-31,"$524,005,141",2013-12-31,"$528,643,825",2013-09-30,"$529,030,139",2013-06-30,"$537,952,605",2013-03-31,"$548,771,829",2012-12-31
"GOLDMAN SACHS GROUP, INC., THE (2380443)","NEW YORK, NY","$896,870,000",2016-06-30,"$878,102,000",2016-03-31,"$861,419,000",2015-12-31,"$880,607,000",2015-09-30,"$859,932,000",2015-06-30,"$865,512,000",2015-03-31,"$856,301,000",2014-12-31,"$868,995,000",2014-09-30,"$860,008,000",2014-06-30,"$915,705,000",2014-03-31,"$911,595,000",2013-12-31,"$923,359,000",2013-09-30,"$938,611,000",2013-06-30,"$959,426,000",2013-03-31,"$938,770,000",2012-12-31
"GREAT WESTERN BANCORP, INC. (4809920)","SIOUX FALLS, SD","$11,453,222",2016-06-30,NA,NA,NA,NA,NA,NA,NA,NA,NA,NA,NA,NA,NA,NA,NA,NA,NA,NA,NA,NA,NA,NA,NA,NA,NA,NA,NA,NA
"HANCOCK HOLDING COMPANY (1086533)","GULFPORT, MS","$23,071,656",2016-06-30,"$22,817,169",2016-03-31,"$22,848,776",2015-12-31,"$21,615,845",2015-09-30,"$21,550,936",2015-06-30,"$20,728,010",2015-03-31,"$20,752,202",2014-12-31,"$19,996,647",2014-09-30,"$19,355,777",2014-06-30,"$19,020,567",2014-03-31,"$19,025,806",2013-12-31,"$18,820,201",2013-09-30,"$18,954,524",2013-06-30,"$19,092,456",2013-03-31,"$19,523,765",2012-12-31
"HAWAIIAN ELECTRIC INDUSTRIES, INC. (3842957)","HONOLULU, HI","$11,979,239",2016-06-30,"$11,870,506",2016-03-31,"$11,790,196",2015-12-31,"$11,573,466",2015-09-30,"$11,439,631",2015-06-30,"$11,273,447",2015-03-31,"$11,184,161",2014-12-31,"$10,670,471",2014-09-30,"$10,617,143",2014-06-30,"$10,458,070",2014-03-31,"$10,340,044",2013-12-31,"$10,429,012",2013-09-30,"$10,238,145",2013-06-30,"$10,298,569",2013-03-31,"$10,149,132",2012-12-31
"HILLTOP HOLDINGS, INC (3838727)","DALLAS, TX","$13,077,902",2016-06-30,"$11,731,928",2016-03-31,"$11,867,001",2015-12-31,"$12,389,456",2015-09-30,"$12,477,198",2015-06-30,"$12,562,893",2015-03-31,NA,NA,NA,NA,NA,NA,NA,NA,NA,NA,NA,NA,NA,NA,NA,NA,NA,NA
"HSBC NORTH AMERICA HOLDINGS INC. (3232316)","NEW YORK, NY","$295,534,689",2016-06-30,"$289,057,276",2016-03-31,"$271,888,608",2015-12-31,"$291,611,246",2015-09-30,"$277,249,331",2015-06-30,"$301,956,685",2015-03-31,"$290,100,702",2014-12-31,"$280,272,469",2014-09-30,"$289,551,194",2014-06-30,"$308,847,926",2014-03-31,"$290,013,881",2013-12-31,"$309,312,154",2013-09-30,"$319,108,739",2013-06-30,"$301,737,107",2013-03-31,"$313,680,754",2012-12-31
"HUDSON CITY BANCORP, INC. (2367556)","PARAMUS, NJ",NA,NA,NA,NA,NA,NA,"$35,121,018",2015-09-30,"$35,417,458",2015-06-30,"$36,129,290",2015-03-31,"$36,569,082",2014-12-31,"$37,161,125",2014-09-30,"$37,700,645",2014-06-30,"$38,231,106",2014-03-31,"$38,607,354",2013-12-31,"$39,186,560",2013-09-30,"$39,696,453",2013-06-30,"$40,283,892",2013-03-31,"$40,596,341",2012-12-31
"HUNTINGTON BANCSHARES INCORPORATED (1068191)","COLUMBUS, OH","$73,954,016",2016-06-30,"$72,644,967",2016-03-31,"$71,044,551",2015-12-31,"$70,210,178",2015-09-30,"$68,845,648",2015-06-30,"$68,002,661",2015-03-31,"$66,298,010",2014-12-31,"$64,330,629",2014-09-30,"$63,797,113",2014-06-30,"$61,145,753",2014-03-31,"$59,476,344",2013-12-31,"$56,648,251",2013-09-30,"$56,113,687",2013-06-30,"$56,054,966",2013-03-31,"$56,153,185",2012-12-31
"IBERIABANK CORPORATION (2291914)","LAFAYETTE, LA","$20,160,855",2016-06-30,"$20,092,563",2016-03-31,"$19,504,068",2015-12-31,"$19,534,225",2015-09-30,"$19,238,928",2015-06-30,"$16,420,009",2015-03-31,"$15,758,605",2014-12-31,"$15,516,609",2014-09-30,"$15,325,042",2014-06-30,"$13,550,924",2014-03-31,"$13,365,550",2013-12-31,"$13,145,077",2013-09-30,"$12,823,503",2013-06-30,"$12,951,199",2013-03-31,"$13,129,678",2012-12-31
"IMB HOLDCO LLC (3923614)","PASADENA, CA",NA,NA,NA,NA,NA,NA,NA,NA,"$21,707,102",2015-06-30,"$21,341,478",2015-03-31,"$21,871,146",2014-12-31,"$22,011,643",2014-09-30,"$22,566,793",2014-06-30,"$21,807,098",2014-03-31,"$23,498,336",2013-12-31,"$24,269,655",2013-09-30,"$25,468,760",2013-06-30,"$25,416,957",2013-03-31,"$25,938,843",2012-12-31
"INTERNATIONAL BANCSHARES CORPORATION (1104231)","LAREDO, TX","$11,776,640",2016-06-30,"$11,878,689",2016-03-31,"$11,772,869",2015-12-31,"$12,052,216",2015-09-30,"$12,074,129",2015-06-30,"$12,374,402",2015-03-31,"$12,196,520",2014-12-31,"$12,079,187",2014-09-30,"$12,436,467",2014-06-30,"$12,144,185",2014-03-31,"$12,079,477",2013-12-31,"$12,076,658",2013-09-30,"$11,596,913",2013-06-30,"$11,520,172",2013-03-31,"$11,882,673",2012-12-31
"INVESTORS BANCORP, INC. (2477754)","SHORT HILLS, NJ","$21,733,831",2016-06-30,"$21,200,387",2016-03-31,"$20,898,693",2015-12-31,"$20,336,160",2015-09-30,"$19,954,834",2015-06-30,"$19,298,905",2015-03-31,"$18,722,282",2014-12-31,"$17,781,789",2014-09-30,"$17,389,665",2014-06-30,NA,NA,NA,NA,NA,NA,NA,NA,NA,NA,NA,NA
"INVESTORS BANCORP, MHC (2477754)","SHORT HILLS, NJ",NA,NA,NA,NA,NA,NA,NA,NA,NA,NA,NA,NA,NA,NA,NA,NA,NA,NA,"$16,371,463",2014-03-31,"$15,605,073",2013-12-31,"$13,751,425",2013-09-30,"$13,314,260",2013-06-30,"$12,890,433",2013-03-31,"$12,765,099",2012-12-31
"JOHN DEERE CAPITAL CORPORATION (3843075)","RENO, NV","$35,453,189",2016-06-30,"$34,750,522",2016-03-31,"$33,532,782",2015-12-31,"$35,063,293",2015-09-30,"$35,216,517",2015-06-30,"$34,189,333",2015-03-31,"$33,736,295",2014-12-31,"$35,316,750",2014-09-30,"$34,923,883",2014-06-30,"$33,333,935",2014-03-31,"$31,676,590",2013-12-31,"$31,546,545",2013-09-30,"$30,737,599",2013-06-30,"$29,028,299",2013-03-31,"$27,844,699",2012-12-31
"JPMORGAN CHASE & CO. (1039502)","NEW YORK, NY","$2,466,096,000",2016-06-30,"$2,423,808,000",2016-03-31,"$2,351,698,000",2015-12-31,"$2,417,121,000",2015-09-30,"$2,447,994,000",2015-06-30,"$2,577,148,000",2015-03-31,"$2,572,773,000",2014-12-31,"$2,526,655,000",2014-09-30,"$2,519,995,000",2014-06-30,"$2,476,650,000",2014-03-31,"$2,415,689,000",2013-12-31,"$2,463,309,000",2013-09-30,"$2,439,494,000",2013-06-30,"$2,389,349,000",2013-03-31,"$2,359,141,000",2012-12-31
"KEYCORP (1068025)","CLEVELAND, OH","$101,406,977",2016-06-30,"$98,570,702",2016-03-31,"$95,270,648",2015-12-31,"$95,476,859",2015-09-30,"$94,674,550",2015-06-30,"$94,296,497",2015-03-31,"$93,882,115",2014-12-31,"$89,884,477",2014-09-30,"$91,934,784",2014-06-30,"$90,928,218",2014-03-31,"$92,991,716",2013-12-31,"$91,016,413",2013-09-30,"$90,858,779",2013-06-30,"$89,441,210",2013-03-31,"$89,425,613",2012-12-31
"M&T BANK CORPORATION (1037003)","BUFFALO, NY","$123,820,584",2016-06-30,"$124,625,632",2016-03-31,"$122,787,884",2015-12-31,"$97,797,062",2015-09-30,"$97,080,076",2015-06-30,"$98,379,397",2015-03-31,"$96,687,224",2014-12-31,"$97,230,366",2014-09-30,"$90,835,002",2014-06-30,"$88,530,360",2014-03-31,"$85,162,391",2013-12-31,"$84,427,485",2013-09-30,"$83,229,005",2013-06-30,"$82,794,833",2013-03-31,"$82,985,468",2012-12-31
"MACY'S, INC. (4103310)","CINCINNATI, OH","$20,197,613",2016-06-30,"$20,575,872",2016-03-31,"$22,085,979",2015-12-31,"$20,115,945",2015-09-30,"$21,175,196",2015-06-30,"$21,460,706",2015-03-31,"$22,424,584",2014-12-31,"$20,619,281",2014-09-30,"$21,317,986",2014-06-30,"$21,633,260",2014-03-31,"$22,445,600",2013-12-31,"$20,430,578",2013-09-30,"$21,039,759",2013-06-30,"$20,991,349",2013-03-31,"$22,270,036",2012-12-31
"MB FINANCIAL, INC. (1090987)","CHICAGO, IL","$15,995,790",2016-06-30,"$15,575,653",2016-03-31,"$15,585,007",2015-12-31,"$14,950,100",2015-09-30,"$15,018,194",2015-06-30,"$14,328,310",2015-03-31,"$14,602,099",2014-12-31,"$14,506,043",2014-09-30,NA,NA,NA,NA,NA,NA,NA,NA,NA,NA,NA,NA,NA,NA
"MIDLAND FINANCIAL CO. (2568278)","OKLAHOMA CITY, OK","$12,301,042",2016-06-30,"$11,988,136",2016-03-31,"$11,605,700",2015-12-31,"$11,717,650",2015-09-30,"$11,682,787",2015-06-30,"$10,843,278",2015-03-31,NA,NA,NA,NA,NA,NA,NA,NA,NA,NA,NA,NA,NA,NA,"$10,441,287",2013-03-31,NA,NA
"MODERN WOODMEN OF AMERICA (3057395)","ROCK ISLAND, IL","$15,097,370",2016-06-30,"$14,850,115",2016-03-31,"$14,754,514",2015-12-31,"$14,635,439",2015-09-30,"$14,581,780",2015-06-30,"$14,324,798",2015-03-31,"$14,131,105",2014-12-31,"$13,999,399",2014-09-30,"$13,827,163",2014-06-30,"$13,587,385",2014-03-31,"$13,398,445",2013-12-31,"$13,130,667",2013-09-30,"$12,950,314",2013-06-30,"$12,695,879",2013-03-31,"$12,385,909",2012-12-31
"MORGAN STANLEY (2162966)","NEW YORK, NY","$828,873,000",2016-06-30,"$807,497,000",2016-03-31,"$787,465,000",2015-12-31,"$834,113,000",2015-09-30,"$825,755,000",2015-06-30,"$829,099,000",2015-03-31,"$801,510,000",2014-12-31,"$814,511,000",2014-09-30,"$826,524,000",2014-06-30,"$831,338,000",2014-03-31,"$832,666,000",2013-12-31,"$832,223,000",2013-09-30,"$802,691,000",2013-06-30,"$801,383,000",2013-03-31,"$780,960,000",2012-12-31
"MUFG AMERICAS HOLDINGS CORPORATION (1378434)","NEW YORK, NY","$117,205,079",2016-06-30,"$120,914,763",2016-03-31,"$116,210,191",2015-12-31,"$115,163,500",2015-09-30,"$114,265,672",2015-06-30,"$113,697,697",2015-03-31,"$113,678,090",2014-12-31,"$110,882,044",2014-09-30,NA,NA,NA,NA,NA,NA,NA,NA,NA,NA,NA,NA,NA,NA
"MUTUAL OF OMAHA INSURANCE COMPANY (1583836)","OMAHA, NE","$38,009,856",2016-06-30,"$37,383,572",2016-03-31,"$35,629,398",2015-12-31,"$35,579,796",2015-09-30,"$35,183,677",2015-06-30,"$35,586,515",2015-03-31,"$34,481,170",2014-12-31,"$34,377,381",2014-09-30,"$34,182,325",2014-06-30,"$33,288,652",2014-03-31,"$32,233,999",2013-12-31,"$32,117,623",2013-09-30,"$31,386,118",2013-06-30,"$31,422,988",2013-03-31,"$30,993,057",2012-12-31
"NATIONAL AMERICAS HOLDINGS LLC (3719965)","NEW YORK, NY",NA,NA,NA,NA,NA,NA,NA,NA,"$10,220,212",2015-06-30,NA,NA,NA,NA,NA,NA,NA,NA,NA,NA,NA,NA,NA,NA,NA,NA,NA,NA,NA,NA
"NATIONWIDE MUTUAL INSURANCE COMPANY (3828072)","COLUMBUS, OH","$36,667,697",2016-06-30,"$35,947,340",2016-03-31,"$35,923,712",2015-12-31,"$35,636,495",2015-09-30,"$35,438,759",2015-06-30,"$34,987,245",2015-03-31,"$34,711,195",2014-12-31,"$33,915,903",2014-09-30,"$33,615,965",2014-06-30,"$32,872,949",2014-03-31,"$32,675,758",2013-12-31,"$32,483,356",2013-09-30,"$172,019,212",2013-06-30,"$171,812,600",2013-03-31,"$168,343,642",2012-12-31
"NEW YORK COMMUNITY BANCORP, INC. (2132932)","WESTBURY, NY","$49,035,747",2016-06-30,"$48,515,572",2016-03-31,"$50,317,796",2015-12-31,"$49,045,482",2015-09-30,"$48,648,532",2015-06-30,"$48,251,715",2015-03-31,"$48,559,217",2014-12-31,"$48,679,772",2014-09-30,"$48,604,772",2014-06-30,"$47,567,470",2014-03-31,"$46,688,287",2013-12-31,"$45,764,133",2013-09-30,"$44,185,838",2013-06-30,"$44,511,718",2013-03-31,"$44,149,466",2012-12-31
"NORDSTROM, INC. (1760589)","SEATTLE, WA",NA,NA,NA,NA,"$11,419,552",2015-12-31,"$10,955,052",2015-09-30,"$11,051,860",2015-06-30,"$10,724,941",2015-03-31,"$10,616,919",2014-12-31,"$10,144,127",2014-09-30,NA,NA,NA,NA,NA,NA,NA,NA,NA,NA,NA,NA,NA,NA
"NORTHERN TRUST CORPORATION (1199611)","CHICAGO, IL","$121,509,559",2016-06-30,"$117,798,813",2016-03-31,"$116,749,572",2015-12-31,"$119,995,234",2015-09-30,"$119,942,945",2015-06-30,"$106,952,000",2015-03-31,"$109,946,485",2014-12-31,"$111,153,721",2014-09-30,"$105,761,163",2014-06-30,"$103,832,578",2014-03-31,"$102,947,333",2013-12-31,"$95,969,501",2013-09-30,"$97,236,008",2013-06-30,"$93,156,775",2013-03-31,"$97,463,845",2012-12-31
"OLD NATIONAL BANCORP (1098303)","EVANSVILLE, IN","$14,420,599",2016-06-30,"$11,932,374",2016-03-31,"$11,991,556",2015-12-31,"$11,915,290",2015-09-30,"$12,075,892",2015-06-30,"$11,951,362",2015-03-31,"$11,647,778",2014-12-31,"$11,179,846",2014-09-30,"$10,387,956",2014-06-30,NA,NA,NA,NA,NA,NA,NA,NA,NA,NA,NA,NA
"PACWEST BANCORP (2875332)","BEVERLY HILLS, CA","$21,147,143",2016-06-30,"$21,031,465",2016-03-31,NA,NA,NA,NA,NA,NA,NA,NA,NA,NA,NA,NA,NA,NA,NA,NA,NA,NA,NA,NA,NA,NA,NA,NA,NA,NA
"PACWEST BANCORP (2875332)","LOS ANGELES, CA",NA,NA,NA,NA,"$21,288,975",2015-12-31,"$16,814,792",2015-09-30,"$16,699,159",2015-06-30,"$16,644,622",2015-03-31,"$16,236,505",2014-12-31,"$15,939,057",2014-09-30,"$15,685,562",2014-06-30,NA,NA,NA,NA,NA,NA,NA,NA,NA,NA,NA,NA
"PEOPLE'S UNITED FINANCIAL, INC. (3650152)","BRIDGEPORT, CT","$40,120,118",2016-06-30,"$39,243,916",2016-03-31,"$38,873,893",2015-12-31,"$37,465,985",2015-09-30,"$37,154,644",2015-06-30,"$36,406,341",2015-03-31,"$35,985,913",2014-12-31,"$34,764,455",2014-09-30,"$33,889,076",2014-06-30,"$33,101,545",2014-03-31,"$33,204,410",2013-12-31,"$31,497,138",2013-09-30,"$31,317,391",2013-06-30,"$30,581,737",2013-03-31,"$30,317,936",2012-12-31
"PNC FINANCIAL SERVICES GROUP, INC., THE (1069778)","PITTSBURGH, PA","$361,528,406",2016-06-30,"$361,187,040",2016-03-31,"$358,690,085",2015-12-31,"$362,137,164",2015-09-30,"$354,201,925",2015-06-30,"$351,162,105",2015-03-31,"$345,243,081",2014-12-31,"$334,602,342",2014-09-30,"$327,251,474",2014-06-30,"$323,586,973",2014-03-31,"$320,596,232",2013-12-31,"$308,912,603",2013-09-30,"$304,547,667",2013-06-30,"$300,945,933",2013-03-31,"$305,285,879",2012-12-31
"POPULAR, INC. (1129382)","SAN JUAN, PR","$37,606,000",2016-06-30,"$36,147,000",2016-03-31,"$35,769,000",2015-12-31,"$35,528,000",2015-09-30,"$36,750,000",2015-06-30,"$35,625,000",2015-03-31,"$33,097,000",2014-12-31,"$34,099,000",2014-09-30,"$36,588,000",2014-06-30,"$36,744,000",2014-03-31,"$35,749,000",2013-12-31,"$36,052,000",2013-09-30,"$36,685,000",2013-06-30,"$36,943,000",2013-03-31,"$36,508,000",2012-12-31
"PRINCIPAL FINANCIAL GROUP, INC. (3853449)","DES MOINES, IA",NA,NA,NA,NA,NA,NA,NA,NA,NA,NA,NA,NA,NA,NA,NA,NA,NA,NA,NA,NA,NA,NA,"$201,687,384",2013-09-30,"$196,512,705",2013-06-30,"$200,762,850",2013-03-31,"$161,926,542",2012-12-31
"PRIVATEBANCORP, INC. (1839319)","CHICAGO, IL","$18,169,191",2016-06-30,"$17,667,372",2016-03-31,"$17,259,421",2015-12-31,"$16,894,605",2015-09-30,"$16,225,895",2015-06-30,"$16,361,348",2015-03-31,"$15,603,382",2014-12-31,"$15,190,468",2014-09-30,"$14,602,404",2014-06-30,"$14,304,782",2014-03-31,"$14,085,746",2013-12-31,"$13,869,140",2013-09-30,"$13,476,493",2013-06-30,"$13,372,230",2013-03-31,"$14,057,515",2012-12-31
"PROSPERITY BANCSHARES, INC. (1109599)","HOUSTON, TX","$21,880,979",2016-06-30,"$22,067,070",2016-03-31,"$22,039,116",2015-12-31,"$21,567,944",2015-09-30,"$21,687,419",2015-06-30,"$21,608,960",2015-03-31,"$21,519,443",2014-12-31,"$21,125,064",2014-09-30,"$21,253,920",2014-06-30,"$18,921,328",2014-03-31,"$18,651,693",2013-12-31,"$16,060,463",2013-09-30,"$16,275,854",2013-06-30,"$15,085,425",2013-03-31,"$14,601,394",2012-12-31
"RAYMOND JAMES FINANCIAL, INC. (3815157)","SAINT PETERSBURG, FL","$28,841,247",2016-06-30,"$27,751,661",2016-03-31,"$26,903,571",2015-12-31,"$26,474,162",2015-09-30,"$24,805,596",2015-06-30,"$24,965,509",2015-03-31,"$24,253,246",2014-12-31,"$23,325,652",2014-09-30,"$23,070,287",2014-06-30,"$22,868,902",2014-03-31,"$21,924,495",2013-12-31,"$23,186,120",2013-09-30,"$22,214,191",2013-06-30,"$22,735,145",2013-03-31,"$22,275,971",2012-12-31
"RBC USA HOLDCO CORPORATION (3226762)","NEW YORK, NY","$151,710,605",2016-06-30,"$139,892,217",2016-03-31,"$133,133,492",2015-12-31,NA,NA,NA,NA,NA,NA,NA,NA,NA,NA,NA,NA,NA,NA,NA,NA,NA,NA,NA,NA,NA,NA,NA,NA
"RBS CITIZENS FINANCIAL GROUP, INC. (1132449)","PROVIDENCE, RI",NA,NA,NA,NA,NA,NA,NA,NA,NA,NA,NA,NA,NA,NA,NA,NA,NA,NA,"$127,295,624",2014-03-31,"$122,257,732",2013-12-31,"$120,738,247",2013-09-30,"$118,137,679",2013-06-30,"$126,322,821",2013-03-31,"$127,411,731",2012-12-31
"REGIONS FINANCIAL CORPORATION (3242838)","BIRMINGHAM, AL","$126,378,482",2016-06-30,"$125,747,379",2016-03-31,"$126,234,344",2015-12-31,"$124,891,540",2015-09-30,"$121,967,042",2015-06-30,"$122,515,877",2015-03-31,"$119,888,669",2014-12-31,"$119,301,813",2014-09-30,"$119,013,705",2014-06-30,"$118,136,516",2014-03-31,"$117,661,732",2013-12-31,"$116,937,255",2013-09-30,"$118,782,563",2013-06-30,"$119,717,632",2013-03-31,"$121,347,388",2012-12-31
"SANTANDER HOLDINGS USA, INC. (3981856)","BOSTON, MA","$126,502,203",2016-06-30,"$131,098,910",2016-03-31,"$127,633,001",2015-12-31,"$130,930,367",2015-09-30,"$126,316,164",2015-06-30,"$123,425,703",2015-03-31,"$118,353,279",2014-12-31,"$113,538,172",2014-09-30,"$112,512,985",2014-06-30,"$109,168,077",2014-03-31,"$77,144,021",2013-12-31,"$77,070,780",2013-09-30,"$79,218,184",2013-06-30,"$82,733,574",2013-03-31,"$85,790,202",2012-12-31
"SCOTTRADE FINANCIAL SERVICES, INC. (3242735)","TOWN AND COUNTRY, MO","$22,466,924",2016-06-30,"$22,857,531",2016-03-31,"$22,556,564",2015-12-31,"$22,259,828",2015-09-30,"$22,597,143",2015-06-30,"$23,463,270",2015-03-31,"$23,978,600",2014-12-31,"$25,260,266",2014-09-30,"$25,710,230",2014-06-30,"$25,852,820",2014-03-31,"$25,617,367",2013-12-31,"$24,752,027",2013-09-30,"$24,571,720",2013-06-30,"$24,765,823",2013-03-31,"$25,125,736",2012-12-31
"STATE FARM MUTUAL AUTOMOBILE INSURANCE COMPANY (3840207)","BLOOMINGTON, IL","$143,801,553",2016-06-30,"$141,283,619",2016-03-31,"$138,494,733",2015-12-31,"$135,372,076",2015-09-30,"$139,365,889",2015-06-30,"$139,397,321",2015-03-31,"$138,797,903",2014-12-31,"$137,646,089",2014-09-30,"$135,478,405",2014-06-30,"$132,022,280",2014-03-31,"$129,337,906",2013-12-31,"$124,091,801",2013-09-30,"$119,778,457",2013-06-30,"$120,085,692",2013-03-31,"$114,933,159",2012-12-31
"STATE STREET CORPORATION (1111435)","BOSTON, MA","$255,396,733",2016-06-30,"$243,685,368",2016-03-31,"$245,198,879",2015-12-31,"$247,273,625",2015-09-30,"$294,570,652",2015-06-30,"$279,480,161",2015-03-31,"$274,119,072",2014-12-31,"$274,815,393",2014-09-30,"$282,324,972",2014-06-30,"$256,672,720",2014-03-31,"$243,028,090",2013-12-31,"$216,751,956",2013-09-30,"$226,985,363",2013-06-30,"$217,852,811",2013-03-31,"$222,229,483",2012-12-31
"STERLING BANCORP (3083291)","MONTEBELLO, NY","$13,089,172",2016-06-30,"$12,874,990",2016-03-31,"$11,958,682",2015-12-31,"$11,606,117",2015-09-30,"$11,568,014",2015-06-30,NA,NA,NA,NA,NA,NA,NA,NA,NA,NA,NA,NA,NA,NA,NA,NA,NA,NA,NA,NA
"STERLING FINANCIAL CORPORATION (3152245)","SPOKANE, WA",NA,NA,NA,NA,NA,NA,NA,NA,NA,NA,NA,NA,NA,NA,NA,NA,NA,NA,"$10,240,431",2014-03-31,"$10,327,642",2013-12-31,"$10,012,700",2013-09-30,NA,NA,NA,NA,NA,NA
"STIFEL FINANCIAL CORP. (3063622)","SAINT LOUIS, MO","$15,248,777",2016-06-30,"$14,213,728",2016-03-31,"$13,335,915",2015-12-31,NA,NA,"$10,139,542",2015-06-30,NA,NA,NA,NA,NA,NA,NA,NA,NA,NA,NA,NA,NA,NA,NA,NA,NA,NA,NA,NA
"SUNTRUST BANKS, INC. (1131787)","ATLANTA, GA","$199,276,480",2016-06-30,"$194,253,274",2016-03-31,"$190,989,105",2015-12-31,"$187,255,650",2015-09-30,"$189,107,850",2015-06-30,"$190,223,316",2015-03-31,"$190,446,755",2014-12-31,"$186,860,815",2014-09-30,"$182,585,899",2014-06-30,"$179,553,408",2014-03-31,"$175,380,779",2013-12-31,"$172,033,106",2013-09-30,"$171,609,928",2013-06-30,"$172,527,629",2013-03-31,"$173,566,088",2012-12-31
"SUSQUEHANNA BANCSHARES, INC. (1117156)","LITITZ, PA",NA,NA,NA,NA,NA,NA,NA,NA,"$18,659,693",2015-06-30,"$18,697,294",2015-03-31,"$18,661,390",2014-12-31,"$18,583,327",2014-09-30,"$18,506,626",2014-06-30,"$18,435,035",2014-03-31,"$18,473,488",2013-12-31,"$18,481,150",2013-09-30,"$18,083,039",2013-06-30,"$17,967,174",2013-03-31,"$18,037,667",2012-12-31
"SVB FINANCIAL GROUP (1031449)","SANTA CLARA, CA","$43,147,945",2016-06-30,"$43,597,787",2016-03-31,"$44,698,667",2015-12-31,"$41,733,585",2015-09-30,"$40,244,261",2015-06-30,"$38,619,411",2015-03-31,"$39,351,768",2014-12-31,"$36,044,135",2014-09-30,"$33,322,533",2014-06-30,"$29,724,778",2014-03-31,"$26,417,306",2013-12-31,"$23,757,075",2013-09-30,"$22,165,054",2013-06-30,"$22,802,242",2013-03-31,"$22,766,602",2012-12-31
"SYNCHRONY FINANCIAL (4504654)","STAMFORD, CT","$82,384,173",2016-06-30,"$81,655,558",2016-03-31,"$84,135,487",2015-12-31,NA,NA,NA,NA,NA,NA,NA,NA,NA,NA,NA,NA,NA,NA,NA,NA,NA,NA,NA,NA,NA,NA,NA,NA
"SYNOVUS FINANCIAL CORP. (1078846)","COLUMBUS, GA","$29,459,691",2016-06-30,"$29,171,257",2016-03-31,"$28,792,653",2015-12-31,"$28,167,827",2015-09-30,"$28,205,870",2015-06-30,"$27,633,784",2015-03-31,"$27,051,231",2014-12-31,"$26,519,110",2014-09-30,"$26,627,290",2014-06-30,"$26,435,426",2014-03-31,"$26,201,604",2013-12-31,"$26,218,360",2013-09-30,"$26,563,174",2013-06-30,"$26,212,879",2013-03-31,"$26,760,012",2012-12-31
"TCF FINANCIAL CORPORATION (2389941)","WAYZATA, MN","$21,081,736",2016-06-30,"$21,333,329",2016-03-31,"$20,703,190",2015-12-31,"$20,141,423",2015-09-30,"$19,851,826",2015-06-30,"$19,999,495",2015-03-31,"$19,427,476",2014-12-31,"$19,052,948",2014-09-30,"$18,889,866",2014-06-30,"$18,815,947",2014-03-31,"$18,402,494",2013-12-31,"$18,417,601",2013-09-30,"$18,432,662",2013-06-30,"$18,540,469",2013-03-31,"$18,281,032",2012-12-31
"TD BANK US HOLDING COMPANY (1249196)","CHERRY HILL, NJ",NA,NA,NA,NA,NA,NA,NA,NA,"$253,195,880",2015-06-30,"$252,650,828",2015-03-31,"$248,144,842",2014-12-31,"$242,225,156",2014-09-30,"$236,008,197",2014-06-30,"$237,493,754",2014-03-31,"$234,621,843",2013-12-31,NA,NA,NA,NA,NA,NA,NA,NA
"TD BANK US HOLDING COMPANY (1249196)","PORTLAND, ME",NA,NA,NA,NA,NA,NA,NA,NA,NA,NA,NA,NA,NA,NA,NA,NA,NA,NA,NA,NA,NA,NA,"$231,673,130",2013-09-30,"$228,945,721",2013-06-30,"$222,716,131",2013-03-31,"$218,916,640",2012-12-31
"TD GROUP US HOLDINGS LLC (3606542)","WILMINGTON, DE","$276,317,370",2016-06-30,"$274,386,676",2016-03-31,"$267,143,521",2015-12-31,"$261,164,836",2015-09-30,NA,NA,NA,NA,NA,NA,NA,NA,NA,NA,NA,NA,NA,NA,NA,NA,NA,NA,NA,NA,NA,NA
"TEACHERS INSURANCE & ANNUITY ASSOCIATION OF AMERICA (1607170)","NEW YORK, NY","$276,045,408",2016-06-30,"$272,101,594",2016-03-31,"$270,094,423",2015-12-31,"$268,247,053",2015-09-30,"$266,931,428",2015-06-30,"$264,300,422",2015-03-31,"$262,634,190",2014-12-31,"$261,389,220",2014-09-30,"$256,932,841",2014-06-30,"$252,936,464",2014-03-31,"$250,494,214",2013-12-31,"$247,467,518",2013-09-30,"$243,168,123",2013-06-30,"$239,972,203",2013-03-31,"$237,037,712",2012-12-31
"TEXAS CAPITAL BANCSHARES, INC. (2706735)","DALLAS, TX","$21,081,024",2016-06-30,"$20,210,931",2016-03-31,"$18,909,174",2015-12-31,"$18,666,031",2015-09-30,"$17,817,384",2015-06-30,"$17,325,504",2015-03-31,"$15,900,308",2014-12-31,"$14,266,857",2014-09-30,"$13,532,830",2014-06-30,"$12,143,691",2014-03-31,"$11,714,698",2013-12-31,"$10,797,757",2013-09-30,"$10,978,295",2013-06-30,"$10,020,871",2013-03-31,"$10,540,873",2012-12-31
"THIRD FEDERAL SAVINGS AND LOAN OF CLEVELAND, MHC (3828036)","CLEVELAND, OH","$12,624,307",2016-06-30,"$12,466,521",2016-03-31,"$12,390,594",2015-12-31,"$12,368,842",2015-09-30,"$12,259,463",2015-06-30,"$12,133,651",2015-03-31,"$12,067,800",2014-12-31,"$11,803,153",2014-09-30,"$11,715,978",2014-06-30,"$11,534,400",2014-03-31,"$11,381,407",2013-12-31,"$11,269,306",2013-09-30,"$11,136,501",2013-06-30,"$11,121,723",2013-03-31,"$11,379,590",2012-12-31
"THRIVENT FINANCIAL FOR LUTHERANS (3173736)","MINNEAPOLIS, MN",NA,NA,NA,NA,NA,NA,NA,NA,NA,NA,NA,NA,NA,NA,NA,NA,NA,NA,NA,NA,NA,NA,"$70,540,953",2013-09-30,"$78,901,854",2013-06-30,"$79,537,291",2013-03-31,"$77,444,933",2012-12-31
"TRUSTMARK CORPORATION (1079562)","JACKSON, MS","$13,030,349",2016-06-30,"$12,775,196",2016-03-31,"$12,678,896",2015-12-31,"$12,390,276",2015-09-30,"$12,182,448",2015-06-30,"$12,179,164",2015-03-31,"$12,250,633",2014-12-31,"$12,096,316",2014-09-30,"$12,119,996",2014-06-30,"$12,057,054",2014-03-31,"$11,790,383",2013-12-31,"$11,805,197",2013-09-30,"$11,863,312",2013-06-30,"$11,850,515",2013-03-31,NA,NA
"U.S. BANCORP (1119794)","MINNEAPOLIS, MN","$438,463,000",2016-06-30,"$428,638,000",2016-03-31,"$421,853,000",2015-12-31,"$415,943,000",2015-09-30,"$419,075,000",2015-06-30,"$410,233,000",2015-03-31,"$402,529,000",2014-12-31,"$391,284,000",2014-09-30,"$389,065,000",2014-06-30,"$371,289,000",2014-03-31,"$364,021,000",2013-12-31,"$360,681,000",2013-09-30,"$353,415,000",2013-06-30,"$355,447,000",2013-03-31,"$353,855,000",2012-12-31
"UMB FINANCIAL CORPORATION (1049828)","KANSAS CITY, MO","$19,734,076",2016-06-30,"$19,302,913",2016-03-31,"$19,094,245",2015-12-31,"$18,597,965",2015-09-30,"$18,418,727",2015-06-30,"$16,730,123",2015-03-31,"$17,500,960",2014-12-31,"$16,284,028",2014-09-30,"$15,562,690",2014-06-30,"$15,945,830",2014-03-31,"$16,911,852",2013-12-31,"$16,184,233",2013-09-30,"$15,253,217",2013-06-30,"$15,705,470",2013-03-31,"$14,927,196",2012-12-31
"UMPQUA HOLDINGS CORPORATION (2747644)","PORTLAND, OR","$24,132,600",2016-06-30,"$23,935,765",2016-03-31,"$23,387,248",2015-12-31,"$23,173,041",2015-09-30,"$22,805,994",2015-06-30,"$22,961,973",2015-03-31,"$22,622,204",2014-12-31,"$22,493,824",2014-09-30,"$22,066,064",2014-06-30,"$11,846,183",2014-03-31,"$11,641,151",2013-12-31,"$11,573,058",2013-09-30,"$11,396,288",2013-06-30,"$11,500,124",2013-03-31,"$11,804,699",2012-12-31
"UNIONBANCAL CORPORATION (1378434)","SAN FRANCISCO, CA",NA,NA,NA,NA,NA,NA,NA,NA,NA,NA,NA,NA,NA,NA,NA,NA,"$108,823,027",2014-06-30,"$107,237,659",2014-03-31,"$105,900,020",2013-12-31,"$105,492,129",2013-09-30,"$102,261,564",2013-06-30,"$96,959,643",2013-03-31,"$96,992,464",2012-12-31
"UNITED BANKSHARES, INC. (1076217)","CHARLESTON, WV","$14,338,012",2016-06-30,"$12,606,884",2016-03-31,"$12,577,944",2015-12-31,"$12,556,929",2015-09-30,"$12,414,566",2015-06-30,"$12,141,519",2015-03-31,"$12,328,811",2014-12-31,"$12,085,063",2014-09-30,"$12,051,710",2014-06-30,"$11,886,320",2014-03-31,NA,NA,NA,NA,NA,NA,NA,NA,NA,NA
"UNITED SERVICES AUTOMOBILE ASSOCIATION (1447376)","SAN ANTONIO, TX","$144,819,412",2016-06-30,"$142,123,097",2016-03-31,"$137,186,701",2015-12-31,"$135,916,817",2015-09-30,"$134,222,822",2015-06-30,"$132,978,355",2015-03-31,"$130,416,573",2014-12-31,"$129,191,103",2014-09-30,"$129,066,684",2014-06-30,"$127,322,366",2014-03-31,"$122,342,355",2013-12-31,"$121,758,503",2013-09-30,"$120,296,114",2013-06-30,"$119,886,059",2013-03-31,"$115,747,377",2012-12-31
"UTRECHT-AMERICA HOLDINGS, INC. (2307280)","NEW YORK, NY","$25,363,698",2016-06-30,"$25,082,990",2016-03-31,"$25,782,912",2015-12-31,"$26,163,730",2015-09-30,"$25,928,156",2015-06-30,"$36,244,050",2015-03-31,"$36,331,380",2014-12-31,"$37,231,381",2014-09-30,"$36,486,505",2014-06-30,"$45,551,256",2014-03-31,"$46,112,745",2013-12-31,"$52,259,755",2013-09-30,"$48,612,915",2013-06-30,"$48,613,134",2013-03-31,"$48,642,000",2012-12-31
"VALLEY NATIONAL BANCORP (1048773)","WAYNE, NJ","$21,809,738",2016-06-30,"$21,727,523",2016-03-31,"$21,612,616",2015-12-31,"$19,571,532",2015-09-30,"$19,290,005",2015-06-30,"$18,980,010",2015-03-31,"$18,793,855",2014-12-31,"$16,726,410",2014-09-30,"$16,335,967",2014-06-30,"$16,344,464",2014-03-31,"$16,156,541",2013-12-31,"$15,976,943",2013-09-30,"$15,977,202",2013-06-30,"$16,028,703",2013-03-31,"$16,012,646",2012-12-31
"W.R. BERKLEY CORPORATION (3065541)","GREENWICH, CT",NA,NA,NA,NA,NA,NA,NA,NA,NA,NA,NA,NA,NA,NA,NA,NA,NA,NA,NA,NA,NA,NA,NA,NA,NA,NA,NA,NA,"$20,155,896",2012-12-31
"WASHINGTON FEDERAL, INC. (3065617)","SEATTLE, WA","$14,821,600",2016-06-30,"$14,670,823",2016-03-31,"$14,684,899",2015-12-31,"$14,568,324",2015-09-30,"$14,370,496",2015-06-30,"$14,611,019",2015-03-31,"$14,494,756",2014-12-31,"$14,756,041",2014-09-30,"$14,789,955",2014-06-30,"$14,364,599",2014-03-31,"$14,404,373",2013-12-31,"$13,082,859",2013-09-30,"$13,012,483",2013-06-30,"$13,115,833",2013-03-31,"$13,106,842",2012-12-31
"WEBSTER FINANCIAL CORPORATION (1145476)","WATERBURY, CT","$25,131,298",2016-06-30,"$24,937,488",2016-03-31,"$24,694,548",2015-12-31,"$24,083,042",2015-09-30,"$23,644,664",2015-06-30,"$23,115,627",2015-03-31,"$22,545,351",2014-12-31,"$21,841,501",2014-09-30,"$21,531,479",2014-06-30,"$21,182,781",2014-03-31,"$20,856,659",2013-12-31,"$20,614,348",2013-09-30,"$20,334,463",2013-06-30,"$20,116,020",2013-03-31,"$20,152,255",2012-12-31
"WELLS FARGO & COMPANY (1120754)","SAN FRANCISCO, CA","$1,889,235,000",2016-06-30,"$1,849,182,000",2016-03-31,"$1,787,632,000",2015-12-31,"$1,751,265,000",2015-09-30,"$1,720,617,000",2015-06-30,"$1,737,737,000",2015-03-31,"$1,687,155,000",2014-12-31,"$1,636,855,000",2014-09-30,"$1,598,874,000",2014-06-30,"$1,546,707,000",2014-03-31,"$1,527,015,000",2013-12-31,"$1,488,055,000",2013-09-30,"$1,440,563,000",2013-06-30,"$1,436,634,000",2013-03-31,"$1,422,968,000",2012-12-31
"WESTERN ALLIANCE BANCORPORATION (2349815)","PHOENIX, AZ","$16,728,767",2016-06-30,"$15,248,039",2016-03-31,"$14,275,089",2015-12-31,"$13,955,570",2015-09-30,"$13,470,104",2015-06-30,"$11,251,943",2015-03-31,"$10,600,498",2014-12-31,"$10,288,824",2014-09-30,"$10,023,587",2014-06-30,NA,NA,NA,NA,NA,NA,NA,NA,NA,NA,NA,NA
"WINTRUST FINANCIAL CORPORATION (2260406)","ROSEMONT, IL","$24,427,295",2016-06-30,"$23,492,196",2016-03-31,"$22,926,284",2015-12-31,"$22,053,870",2015-09-30,"$20,816,905",2015-06-30,"$20,392,598",2015-03-31,"$20,032,438",2014-12-31,"$19,184,183",2014-09-30,"$18,911,548",2014-06-30,"$18,221,163",2014-03-31,"$18,097,783",2013-12-31,"$17,682,548",2013-09-30,"$17,613,546",2013-06-30,"$17,074,247",2013-03-31,"$17,519,613",2012-12-31
"ZIONS BANCORPORATION (1027004)","SALT LAKE CITY, UT","$59,642,992",2016-06-30,"$59,179,913",2016-03-31,"$59,669,525",2015-12-31,"$58,410,927",2015-09-30,"$58,365,459",2015-06-30,"$57,555,931",2015-03-31,"$57,208,874",2014-12-31,"$55,458,870",2014-09-30,"$55,111,275",2014-06-30,"$56,080,844",2014-03-31,"$56,031,127",2013-12-31,"$55,188,312",2013-09-30,"$54,904,540",2013-06-30,"$54,110,564",2013-03-31,"$55,511,918",2012-12-31
